rcdminutes,temperature,humidity,light,voltage,class
0,1,0,0,0,0
0,1,0,0,0,1
0,1,0,0,0,0
0,1,0,0,0,1
0,1,0,0,0,0
0,1,0,0,0,0
0,1,0,0,0,1
0,1,0,0,0,1
0,1,0,0,0,1
0,1,0,0,0,0
0,1,0,0,0,0
0,1,0,0,0,0
0,1,0,0,0,0
0,1,0,0,0,1
0,1,0,0,0,0
0,1,0,0,0,0
0,1,0,0,0,1
0,1,0,0,0,0
0,1,0,0,0,1
0,1,0,0,0,0
0,1,0,0,0,0
0,1,0,0,0,0
0,1,0,0,0,1
0,1,0,0,0,1
0,1,0,0,0,0
0,1,0,0,0,1
0,1,0,0,0,0
0,1,0,0,0,0
0,1,0,0,0,1
0,1,0,0,0,1
0,1,0,0,0,0
0,1,0,0,0,1
0,1,0,0,0,0
0,1,0,0,0,0
0,1,0,0,0,1
0,1,0,0,0,0
0,1,0,0,0,1
0,1,0,0,0,1
0,1,0,0,0,0
0,1,0,0,0,0
0,1,0,0,0,1
0,1,0,0,0,0
0,1,0,0,0,0
0,1,0,0,0,1
0,1,0,0,0,0
0,1,0,0,0,1
0,1,0,0,0,0
0,1,0,0,0,0
0,1,0,0,0,1
0,1,0,0,0,0
0,1,0,0,0,0
0,1,0,0,0,1
0,1,0,0,0,1
0,1,0,0,0,1
0,1,0,0,0,0
0,1,0,0,0,0
0,1,0,0,0,1
0,1,0,0,0,0
0,1,0,0,0,1
0,1,0,0,0,0
0,1,0,0,0,1
0,1,0,0,0,0
0,1,0,0,0,1
0,1,0,0,0,1
0,1,0,0,0,0
0,1,0,0,0,1
0,1,0,0,0,0
0,1,0,0,0,1
0,1,0,0,0,0
0,1,0,0,0,0
0,1,0,0,0,1
0,1,0,0,0,1
0,1,0,0,0,0
0,1,0,0,0,0
0,1,0,0,0,0
0,1,0,0,0,1
0,1,0,0,0,0
0,1,0,0,0,1
0,1,0,0,0,0
0,1,0,0,0,1
0,1,0,0,0,1
0,1,0,0,0,0
0,1,0,0,0,0
0,1,0,0,0,1
0,1,0,0,0,1
0,1,0,0,0,1
0,1,0,0,0,0
0,1,0,0,0,1
0,1,0,0,0,0
0,1,0,0,0,1
0,1,0,0,0,1
0,1,0,0,0,0
0,1,0,0,0,0
0,1,0,0,0,1
0,1,0,0,0,0
0,1,0,0,0,1
0,1,0,0,0,0
0,1,0,0,0,0
0,1,0,0,0,1
0,1,0,0,0,1
0,1,0,0,0,0
0,1,0,0,0,0
0,1,0,0,0,1
0,1,0,0,0,1
0,1,0,0,0,0
0,1,0,0,0,1
0,1,0,0,0,0
0,1,0,0,0,0
0,1,0,0,0,1
0,1,0,0,0,1
0,1,0,0,0,0
0,1,0,0,0,1
0,1,0,0,0,0
0,1,0,0,0,1
0,1,0,0,0,0
0,1,0,0,0,0
0,1,0,0,0,0
0,1,0,0,0,0
0,1,0,0,0,0
0,1,0,0,0,1
0,1,0,0,0,0
0,1,0,0,0,0
0,1,0,0,0,0
0,1,0,0,0,1
0,1,0,0,0,1
0,1,0,0,0,0
0,1,0,0,0,0
0,1,0,0,0,1
0,1,0,0,0,0
0,1,0,0,0,1
0,1,0,0,0,1
0,1,0,0,0,0
0,1,0,0,0,0
0,1,0,0,0,1
0,1,0,0,0,1
0,1,0,0,0,0
0,1,0,0,0,1
0,1,0,0,0,0
0,1,0,0,0,1
0,1,0,0,0,0
0,1,0,0,0,0
0,1,0,0,0,0
0,1,0,0,0,0
0,1,0,0,0,1
0,1,0,0,0,0
0,1,0,0,0,1
0,1,0,0,0,0
0,1,0,0,0,0
0,1,0,0,0,1
0,1,0,0,0,0
0,1,0,0,0,1
0,1,0,0,0,0
0,1,0,0,0,0
0,1,0,0,0,1
0,1,0,0,0,0
0,1,0,0,0,1
0,1,0,0,0,0
0,1,0,0,0,0
0,1,0,0,0,1
0,1,0,0,0,1
0,1,0,0,0,0
0,1,0,0,0,1
0,1,0,0,0,0
0,1,0,0,0,0
0,1,0,0,0,0
0,1,0,0,0,0
0,1,0,0,0,1
0,1,0,0,0,1
0,1,0,0,0,0
0,1,0,0,0,1
0,1,0,0,0,0
0,1,0,0,0,1
0,1,0,0,0,0
0,1,0,0,0,1
0,1,0,0,0,0
0,1,0,0,0,0
0,1,0,0,0,0
0,1,0,0,0,1
0,1,0,0,0,1
0,1,0,0,0,0
0,1,0,0,0,0
0,1,0,0,0,1
0,1,0,0,0,1
0,1,0,0,0,0
0,1,0,0,0,0
0,1,0,0,0,1
0,1,0,0,0,0
0,1,0,0,0,1
0,1,0,0,0,0
0,1,0,0,0,0
0,1,0,0,0,0
0,1,0,0,0,1
0,1,0,0,0,1
0,1,0,0,0,1
0,1,0,0,0,0
0,1,0,0,0,0
0,1,0,0,0,1
0,1,0,0,0,0
0,1,0,0,0,1
0,1,0,0,0,1
0,1,0,0,0,1
0,1,0,0,0,0
0,1,0,0,0,1
0,1,0,0,0,0
0,1,0,0,0,0
0,1,0,0,0,1
0,1,0,0,0,1
0,1,0,0,0,0
0,1,0,0,0,1
0,1,0,0,0,0
0,1,0,0,0,1
0,1,0,0,0,0
0,1,0,0,0,0
0,1,0,0,0,1
0,1,0,0,0,0
0,1,0,0,0,0
0,1,0,0,0,1
0,1,0,0,0,0
0,1,0,0,0,1
0,1,0,0,0,0
0,1,0,0,0,1
0,1,0,0,0,0
0,1,0,0,0,1
0,1,0,0,0,1
0,1,0,0,0,0
0,1,0,0,0,1
0,1,0,0,0,1
0,1,0,0,0,0
0,1,0,0,0,0
0,1,0,0,0,0
0,1,0,0,0,0
0,1,0,0,0,1
0,1,0,0,0,0
0,1,0,0,0,1
0,1,0,0,0,1
0,1,0,0,0,0
0,1,0,0,0,1
0,1,0,0,0,0
0,1,0,0,0,1
0,1,0,0,0,0
0,1,0,0,0,0
0,1,0,0,0,0
0,1,0,0,0,1
0,1,0,0,0,1
0,1,0,0,0,0
0,1,0,0,0,1
0,1,0,0,0,0
0,1,0,0,0,0
0,1,0,0,0,1
0,1,0,0,0,0
0,1,0,0,0,0
0,1,0,0,0,1
0,1,0,0,0,0
0,1,0,0,0,1
0,1,0,0,0,1
0,1,0,0,0,0
0,1,0,0,0,1
0,1,0,0,0,0
0,1,0,0,0,1
0,1,0,0,0,0
0,1,0,0,0,0
0,1,0,0,0,1
0,1,0,0,0,0
0,1,0,0,0,0
0,1,0,0,0,1
0,1,0,0,0,0
0,1,0,0,0,1
0,1,0,0,0,0
0,1,0,0,0,1
0,1,0,0,0,0
0,1,0,0,0,0
0,1,0,0,0,1
0,1,0,0,0,1
0,1,0,0,0,0
0,1,0,0,0,0
0,1,0,0,0,1
0,1,0,0,0,0
0,1,0,0,0,1
0,1,0,0,0,0
0,1,0,0,0,0
0,1,0,0,0,1
0,1,0,0,0,1
0,1,0,0,0,1
0,1,0,0,0,0
0,1,0,0,0,1
0,1,0,0,0,0
0,1,0,0,0,1
0,1,0,0,0,0
0,1,0,0,0,0
0,1,0,0,0,1
0,1,0,0,0,0
0,1,0,0,0,1
0,1,0,0,0,0
0,1,0,0,0,0
0,1,0,0,0,1
0,1,0,0,0,0
0,1,0,0,0,1
0,1,0,0,0,0
0,1,0,0,0,1
0,1,0,0,0,0
0,1,0,0,0,1
0,1,0,0,0,0
0,1,0,0,0,1
0,1,0,0,0,0
0,1,0,0,0,0
0,1,0,0,0,0
0,1,0,0,0,1
0,1,0,0,0,1
0,1,0,0,0,0
0,1,0,0,0,0
0,1,0,0,0,1
0,1,0,0,0,0
0,1,0,0,0,1
0,1,0,0,0,1
0,1,0,0,0,0
0,1,0,0,0,1
0,1,0,0,0,0
0,1,0,0,0,0
0,1,0,0,0,1
0,1,0,0,0,1
0,1,0,0,0,0
0,1,0,0,0,0
0,1,0,0,0,1
0,1,0,0,0,0
0,1,0,0,0,1
0,1,0,0,0,0
0,1,0,0,0,1
0,1,0,0,0,0
0,1,0,0,0,0
0,1,0,0,0,1
0,1,0,0,0,1
0,1,0,0,0,0
0,1,0,0,0,1
0,1,0,0,0,0
0,1,0,0,0,1
0,1,0,0,0,1
0,1,0,0,0,0
0,1,0,0,0,1
0,1,0,0,0,0
0,1,0,0,0,0
0,1,0,0,0,1
0,1,0,0,0,1
0,1,0,0,0,0
0,1,0,0,0,1
0,1,0,0,0,0
0,1,0,0,0,0
0,1,0,0,0,1
0,1,0,0,0,0
0,1,0,0,0,0
0,1,0,0,0,1
0,1,0,0,0,1
0,1,0,0,0,0
0,1,0,0,0,1
0,1,0,0,0,1
0,1,0,0,0,0
0,1,0,0,0,1
0,1,0,0,0,1
0,1,0,0,0,1
0,1,0,0,0,0
0,1,0,0,0,0
0,1,0,0,0,1
0,1,0,0,0,0
0,1,0,0,0,1
0,1,0,0,0,1
0,1,0,0,0,0
0,1,0,0,0,1
0,1,0,0,0,0
0,1,0,0,0,0
0,1,0,0,0,1
0,1,0,0,0,0
0,1,0,0,0,1
0,1,0,0,0,0
0,1,0,0,0,1
0,1,0,0,0,1
0,1,0,0,0,0
0,1,0,0,0,0
0,1,0,0,0,0
0,1,0,0,0,0
0,1,0,0,0,1
0,1,0,0,0,1
0,1,0,0,0,0
0,1,0,0,0,1
0,1,0,0,0,0
0,1,0,0,0,1
0,1,0,0,0,1
0,1,0,0,0,0
0,1,0,0,0,1
0,1,0,0,0,0
0,1,0,0,0,1
0,1,0,0,0,1
0,1,0,0,0,0
0,1,0,0,0,0
0,1,0,0,0,1
0,1,0,0,0,0
0,1,0,0,0,1
0,1,0,0,0,1
0,1,0,0,0,1
0,1,0,0,0,0
0,1,0,0,0,1
0,1,0,0,0,0
0,1,0,0,0,1
0,1,0,0,0,1
0,1,0,0,0,0
0,1,0,0,0,1
0,1,0,0,0,0
0,1,0,0,0,0
0,1,0,0,0,1
0,1,0,0,0,0
0,1,0,0,0,1
0,1,0,0,0,1
0,1,0,0,0,0
0,1,0,0,0,1
0,1,0,0,0,0
0,1,0,0,0,1
0,1,0,0,0,0
0,1,0,0,0,1
0,1,0,0,0,0
0,1,0,0,0,1
0,1,0,0,0,1
0,1,0,0,0,0
0,1,0,0,0,1
0,1,0,0,0,0
0,1,0,0,0,1
0,1,0,0,0,0
0,1,0,0,0,1
0,1,0,0,0,0
0,1,0,0,0,1
0,1,0,0,0,1
0,1,0,0,0,0
0,1,0,0,0,1
0,1,0,0,0,1
0,1,0,0,0,1
0,1,0,0,0,0
0,1,0,0,0,0
0,1,0,0,0,1
0,1,0,0,0,0
0,1,0,0,0,1
0,1,0,0,0,1
0,1,0,0,0,0
0,1,0,0,0,0
0,1,0,0,0,1
0,1,0,0,0,0
0,1,0,0,0,1
0,1,0,0,0,0
0,1,0,0,0,1
0,1,0,0,0,0
0,1,0,0,0,0
0,1,0,0,0,1
0,1,0,0,0,1
0,1,0,0,0,1
0,1,0,0,0,0
0,1,0,0,0,0
0,1,0,0,0,1
0,1,0,0,0,1
0,1,0,0,0,0
0,1,0,0,0,1
0,1,0,0,0,0
0,1,0,0,0,0
0,1,0,0,0,1
0,1,0,0,0,1
0,1,0,0,0,0
0,1,0,0,0,0
0,1,0,0,0,1
0,1,0,0,0,1
0,1,0,0,0,0
0,1,0,0,0,1
0,1,0,0,0,0
0,1,0,0,0,0
0,1,0,0,0,1
0,1,0,0,0,1
0,1,0,0,0,0
0,1,0,0,0,0
0,1,0,0,0,0
0,1,0,0,0,0
0,1,0,0,0,1
0,1,0,0,0,0
0,1,0,0,0,1
0,1,0,0,0,0
0,1,0,0,0,1
0,1,0,0,0,1
0,1,0,0,0,0
0,1,0,0,0,1
0,1,0,0,0,1
0,1,0,0,0,1
0,1,0,0,0,0
0,1,0,0,0,1
0,1,0,0,0,0
0,1,0,0,0,0
0,1,0,0,0,1
0,1,0,0,0,0
0,1,0,0,0,1
0,1,0,0,0,0
0,1,0,0,0,0
0,1,0,0,0,1
0,1,0,0,0,0
0,1,0,0,0,0
0,1,0,0,0,1
0,1,0,0,0,0
0,1,0,0,0,1
0,1,0,0,0,1
0,1,0,0,0,0
0,1,0,0,0,1
0,1,0,0,0,1
0,1,0,0,0,1
0,1,0,0,0,0
0,1,0,0,0,1
0,1,0,0,0,0
0,1,0,0,0,1
0,1,0,0,0,0
0,1,0,0,0,1
0,1,0,0,0,0
0,1,0,0,0,0
0,1,0,0,0,1
0,1,0,0,0,0
0,1,0,0,0,1
0,1,0,0,0,0
0,1,0,0,0,1
0,1,0,0,0,0
0,1,0,0,0,1
0,1,0,0,0,0
0,1,0,0,0,1
0,1,0,0,0,0
0,1,0,0,0,1
0,1,0,0,0,1
0,1,0,0,0,0
0,1,0,0,0,0
0,1,0,0,0,1
0,1,0,0,0,0
0,1,0,0,0,0
0,1,0,0,0,1
0,1,0,0,0,0
0,1,0,0,0,1
0,1,0,0,0,0
0,1,0,0,0,0
0,1,0,0,0,1
0,1,0,0,0,1
0,1,0,0,0,1
0,1,0,0,0,0
0,1,0,0,0,0
0,1,0,0,0,1
0,1,0,0,0,1
0,1,0,0,0,0
0,1,0,0,0,0
0,1,0,0,0,1
0,1,0,0,0,1
0,1,0,0,0,0
0,1,0,0,0,0
0,1,0,0,0,1
0,1,0,0,0,1
0,1,0,0,0,1
0,1,0,0,0,0
0,1,0,0,0,1
0,1,0,0,0,0
0,1,0,0,0,1
0,1,0,0,0,0
0,1,0,0,0,1
0,1,0,0,0,0
0,1,0,0,0,0
0,1,0,0,0,1
0,1,0,0,0,0
0,1,0,0,0,0
0,1,0,0,0,1
0,1,0,0,0,1
0,1,0,0,0,0
0,1,0,0,0,0
0,1,0,0,0,1
0,1,0,0,0,1
0,1,0,0,0,0
0,1,0,0,0,0
0,1,0,0,0,1
0,1,0,0,0,0
0,1,0,0,0,0
0,1,0,0,0,0
0,1,0,0,0,1
0,1,0,0,0,0
0,1,0,0,0,1
0,1,0,0,0,1
0,1,0,0,0,0
0,1,0,0,0,1
0,1,0,0,0,0
0,1,0,0,0,1
0,1,0,0,0,1
0,1,0,0,0,1
0,1,0,0,0,0
0,1,0,0,0,0
0,1,0,0,0,1
0,1,0,0,0,0
0,1,0,0,0,0
0,1,0,0,0,1
0,1,0,0,0,0
0,1,0,0,0,1
0,1,0,0,0,0
0,1,0,0,0,1
0,1,0,0,0,1
0,1,0,0,0,0
0,1,0,0,0,0
0,1,0,0,0,1
0,1,0,0,0,0
0,1,0,0,0,0
0,1,0,0,0,1
0,1,0,0,0,0
0,1,0,0,0,1
0,1,0,0,0,0
0,1,0,0,0,1
0,1,0,0,0,0
0,1,0,0,0,0
0,1,0,0,0,1
0,1,0,0,0,0
0,1,0,0,0,1
0,1,0,0,0,1
0,1,0,0,0,0
0,1,0,0,0,1
0,1,0,0,0,0
0,1,0,0,0,0
0,1,0,0,0,1
0,1,0,0,0,1
0,1,0,0,0,0
0,1,0,0,0,0
0,1,0,0,0,1
0,1,0,0,0,0
0,1,0,0,0,1
0,1,0,0,0,0
0,1,0,0,0,1
0,1,0,0,0,1
0,1,0,0,0,1
0,1,0,0,0,1
0,1,0,0,0,0
0,1,0,0,0,0
0,1,0,0,0,1
0,1,0,0,0,0
0,1,0,0,0,1
0,1,0,0,0,1
0,1,0,0,0,0
0,1,0,0,0,0
0,1,0,0,0,1
0,1,0,0,0,0
0,1,0,0,0,1
0,1,0,0,0,0
0,1,0,0,0,0
0,1,0,0,0,1
0,1,0,0,0,0
0,1,0,0,0,1
0,1,0,0,0,0
0,1,0,0,0,0
0,1,0,0,0,1
0,1,0,0,0,0
0,1,0,0,0,1
0,1,0,0,0,0
0,1,0,0,0,0
0,1,0,0,0,0
0,1,0,0,0,0
0,1,0,0,0,1
0,1,0,0,0,0
0,1,0,0,0,1
0,1,0,0,0,1
0,1,0,0,0,1
0,1,0,0,0,1
0,1,0,0,0,1
0,1,0,0,0,0
0,1,0,0,0,1
0,1,0,0,0,0
0,1,0,0,0,1
0,1,0,0,0,0
0,1,0,0,0,0
0,1,0,0,0,1
0,1,0,0,0,0
0,1,0,0,0,1
0,1,0,0,0,0
0,1,0,0,0,1
0,1,0,0,0,1
0,1,0,0,0,0
0,1,0,0,0,1
0,1,0,0,0,0
0,1,0,0,0,1
0,1,0,0,0,0
0,1,0,0,0,0
0,1,0,0,0,0
0,1,0,0,0,1
0,1,0,0,0,0
0,1,0,0,0,1
0,1,0,0,0,0
0,1,0,0,0,1
0,1,0,0,0,0
0,1,0,0,0,1
0,1,0,0,0,0
0,1,0,0,0,0
0,1,0,0,0,1
0,1,0,0,0,0
0,1,0,0,0,1
0,1,0,0,0,1
0,1,0,0,0,0
0,1,0,0,0,1
0,1,0,0,0,1
0,1,0,0,0,0
0,1,0,0,0,1
0,1,0,0,0,0
0,1,0,0,0,1
0,1,0,0,0,0
0,1,0,0,0,1
0,1,0,0,0,0
0,1,0,0,0,0
0,1,0,0,0,1
0,1,0,0,0,1
0,1,0,0,0,1
0,1,0,0,0,0
0,1,0,0,0,1
0,1,0,0,0,0
0,1,0,0,0,0
0,1,0,0,0,1
0,1,0,0,0,0
0,1,0,0,0,0
0,1,0,0,0,1
0,1,0,0,0,1
0,1,0,0,0,0
0,1,0,0,0,1
0,1,0,0,0,0
0,1,0,0,0,0
0,1,0,0,0,0
0,1,0,0,0,1
0,1,0,0,0,1
0,1,0,0,0,1
0,1,0,0,0,0
0,1,0,0,0,1
0,1,0,0,0,0
0,1,0,0,0,0
0,1,0,0,0,1
0,1,0,0,0,1
0,1,0,0,0,0
0,1,0,0,0,1
0,1,0,0,0,0
0,1,0,0,0,1
0,1,0,0,0,1
0,1,0,0,0,0
0,1,0,0,0,1
0,1,0,0,0,0
0,1,0,0,0,0
0,1,0,0,0,1
0,1,0,0,0,1
0,1,0,0,0,1
0,1,0,0,0,0
0,1,0,0,0,1
0,1,0,0,0,0
0,1,0,0,0,0
0,1,0,0,0,1
0,1,0,0,0,0
0,1,0,0,0,0
0,1,0,0,0,1
0,1,0,0,0,0
0,1,0,0,0,1
0,1,0,0,0,1
0,1,0,0,0,0
0,1,0,0,0,1
0,1,0,0,0,0
0,1,0,0,0,0
0,1,0,0,0,0
0,1,0,0,0,0
0,1,0,0,0,0
0,1,0,0,0,1
0,1,0,0,0,1
0,1,0,0,0,0
0,1,0,0,0,1
0,1,0,0,0,0
0,1,0,0,0,1
0,1,0,0,0,1
0,1,0,0,0,1
0,1,0,0,0,0
0,1,0,0,0,1
0,1,0,0,0,0
0,1,0,0,0,0
0,1,0,0,0,0
0,1,0,0,0,0
0,1,0,0,0,0
0,1,0,0,0,1
0,1,0,0,0,0
0,1,0,0,0,1
0,1,0,0,0,0
0,1,0,0,0,0
0,1,0,0,0,1
0,1,0,0,0,1
0,1,0,0,0,1
0,1,0,0,0,1
0,1,0,0,0,0
0,1,0,0,0,1
0,1,0,0,0,0
0,1,0,0,0,1
0,1,0,0,0,0
0,1,0,0,0,1
0,1,0,0,0,0
0,1,0,0,0,1
0,1,0,0,0,1
0,1,0,0,0,0
0,1,0,0,0,0
0,1,0,0,0,1
0,1,0,0,0,0
0,1,0,0,0,0
0,1,0,0,0,1
0,1,0,0,0,0
0,1,0,0,0,0
0,1,0,0,0,1
0,1,0,0,0,0
0,1,0,0,0,0
0,1,0,0,0,1
0,1,0,0,0,0
0,1,0,0,0,0
0,1,0,0,0,1
0,1,0,0,0,1
0,1,0,0,0,1
0,1,0,0,0,0
0,1,0,0,0,1
0,1,0,0,0,0
0,1,0,0,0,1
0,1,0,0,0,0
0,1,0,0,0,1
0,1,0,0,0,0
0,1,0,0,0,0
0,1,0,0,0,0
0,1,0,0,0,0
0,1,0,0,0,1
0,1,0,0,0,1
0,1,0,0,0,0
0,1,0,0,0,1
0,1,0,0,0,0
0,1,0,0,0,1
0,1,0,0,0,0
0,1,0,0,0,0
0,1,0,0,0,1
0,1,0,0,0,0
0,1,0,0,0,1
0,1,0,0,0,0
0,1,0,0,0,1
0,1,0,0,0,1
0,1,0,0,0,0
0,1,0,0,0,1
0,1,0,0,0,0
0,1,0,0,0,1
0,1,0,0,0,0
0,1,0,0,0,1
0,1,0,0,0,0
0,1,0,0,0,0
0,1,0,0,0,1
0,1,0,0,0,1
0,1,0,0,0,0
0,1,0,0,0,1
0,1,0,0,0,0
0,1,0,0,0,1
0,1,0,0,0,1
0,1,0,0,0,0
0,1,0,0,0,0
0,1,0,0,0,1
0,1,0,0,0,0
0,1,0,0,0,0
0,1,0,0,0,0
0,1,0,0,0,1
0,1,0,0,0,0
0,1,0,0,0,1
0,1,0,0,0,0
0,1,0,0,0,0
0,1,0,0,0,1
0,1,0,0,0,0
0,1,0,0,0,1
0,1,0,0,0,0
0,1,0,0,0,1
0,1,0,0,0,0
0,1,0,0,0,1
0,1,0,0,0,0
0,1,0,0,0,0
0,1,0,0,0,1
0,1,0,0,0,1
0,1,0,0,0,0
0,1,0,0,0,0
0,1,0,0,0,1
0,1,0,0,0,0
0,1,0,0,0,0
0,1,0,0,0,1
0,1,0,0,0,1
0,1,0,0,0,0
0,1,0,0,0,1
0,1,0,0,0,0
0,1,0,0,0,1
0,1,0,0,0,1
0,1,0,0,0,0
0,1,0,0,0,0
0,1,0,0,0,0
0,1,0,0,0,1
0,1,0,0,0,0
0,1,0,0,0,1
0,1,0,0,0,1
0,1,0,0,0,0
0,1,0,0,0,0
0,1,0,0,0,0
0,1,0,0,0,1
0,1,0,0,0,0
0,1,0,0,0,0
0,1,0,0,0,0
0,1,0,0,0,0
0,1,0,0,0,0
0,1,0,0,0,1
0,1,0,0,0,0
0,1,0,0,0,1
0,1,0,0,0,0
0,1,0,0,0,0
0,1,0,0,0,1
0,1,0,0,0,0
0,1,0,0,0,0
0,1,0,0,0,1
0,1,0,0,0,0
0,1,0,0,0,1
0,1,0,0,0,0
0,1,0,0,0,0
0,1,0,0,0,1
0,1,0,0,0,0
0,1,0,0,0,0
0,1,0,0,0,1
0,1,0,0,0,0
0,1,0,0,0,1
0,1,0,0,0,0
0,1,0,0,0,0
0,1,0,0,0,0
0,1,0,0,0,1
0,1,0,0,0,1
0,1,0,0,0,1
0,1,0,0,0,0
0,1,0,0,0,1
0,1,0,0,0,1
0,1,0,0,0,0
0,1,0,0,0,1
0,1,0,0,0,0
0,1,0,0,0,0
0,1,0,0,0,1
0,1,0,0,0,1
0,1,0,0,0,0
0,1,0,0,0,0
0,1,0,0,0,1
0,1,0,0,0,0
0,1,0,0,0,0
0,1,0,0,0,1
0,1,0,0,0,0
0,1,0,0,0,1
0,1,0,0,0,1
0,1,0,0,0,1
0,1,0,0,0,0
0,1,0,0,0,1
0,1,0,0,0,0
0,1,0,0,0,0
0,1,0,0,0,0
0,1,0,0,0,1
0,1,0,0,0,0
0,1,0,0,0,0
0,1,0,0,0,1
0,1,0,0,0,0
0,1,0,0,0,1
0,1,0,0,0,0
0,1,0,0,0,1
0,1,0,0,0,0
0,1,0,0,0,0
0,1,0,0,0,1
0,1,0,0,0,0
0,1,0,0,0,1
0,1,0,0,0,0
0,1,0,0,0,0
0,1,0,0,0,1
0,1,0,0,0,0
0,1,0,0,0,0
0,1,0,0,0,0
0,1,0,0,0,1
0,1,0,0,0,0
0,1,0,0,0,1
0,1,0,0,0,0
0,1,0,0,0,0
0,1,0,0,0,0
0,1,0,0,0,1
0,1,0,0,0,0
0,1,0,0,0,1
0,1,0,0,0,0
0,1,0,0,0,0
0,1,0,0,0,1
0,1,0,0,0,1
0,1,0,0,0,0
0,1,0,0,0,1
0,1,0,0,0,0
0,1,0,0,0,0
0,1,0,0,0,1
0,1,0,0,0,0
0,1,0,0,0,0
0,1,0,0,0,1
0,1,0,0,0,1
0,1,0,0,0,1
0,1,0,0,0,0
0,1,0,0,0,0
0,1,0,0,0,1
0,1,0,0,0,1
0,1,0,0,0,0
0,1,0,0,0,0
0,1,0,0,0,1
0,1,0,0,0,0
0,1,0,0,0,1
0,1,0,0,0,0
0,1,0,0,0,1
0,1,0,0,0,0
0,1,0,0,0,1
0,1,0,0,0,0
0,1,0,0,0,0
0,1,0,0,0,1
0,1,0,0,0,0
0,1,0,0,0,1
0,1,0,0,0,0
0,1,0,0,0,0
0,1,0,0,0,1
0,1,0,0,0,1
0,1,0,0,0,0
0,1,0,0,0,0
0,1,0,0,0,1
0,1,0,0,0,0
0,1,0,0,0,0
0,1,0,0,0,1
0,1,0,0,0,0
0,1,0,0,0,0
0,1,0,0,0,1
0,1,0,0,0,0
0,1,0,0,0,1
0,1,0,0,0,0
0,1,0,0,0,1
0,1,0,0,0,1
0,1,0,0,0,0
0,1,0,0,0,0
0,1,0,0,0,1
0,1,0,0,0,1
0,1,0,0,0,0
0,1,0,0,0,0
0,1,0,0,0,1
0,1,0,0,0,1
0,1,0,0,0,0
0,1,0,0,0,0
0,1,0,0,0,1
0,1,0,0,0,1
0,1,0,0,0,0
0,1,0,0,0,1
0,1,0,0,0,0
0,1,0,0,0,1
0,1,0,0,0,0
0,1,0,0,0,0
0,1,0,0,0,1
0,1,0,0,0,0
0,1,0,0,0,1
0,1,0,0,0,0
0,1,0,0,0,1
0,1,0,0,0,1
0,1,0,0,0,0
0,1,0,0,0,0
0,1,0,0,0,1
0,1,0,0,0,0
0,1,0,0,0,0
0,1,0,0,0,1
0,1,0,0,0,0
0,1,0,0,0,0
0,1,0,0,0,0
0,1,0,0,0,1
0,1,0,0,0,0
0,1,0,0,0,1
0,1,0,0,0,0
0,1,0,0,0,1
0,1,0,0,0,0
0,1,0,0,0,1
0,1,0,0,0,0
0,1,0,0,0,1
0,1,0,0,0,1
0,1,0,0,0,1
0,1,0,0,0,0
0,1,0,0,0,1
0,1,0,0,0,0
0,1,0,0,0,1
0,1,0,0,0,0
0,1,0,0,0,1
0,1,0,0,0,0
0,1,0,0,0,1
0,1,0,0,0,1
0,1,0,0,0,1
0,1,0,0,0,0
0,1,0,0,0,1
0,1,0,0,0,0
0,1,0,0,0,0
0,1,0,0,0,1
0,1,0,0,0,0
0,1,0,0,0,0
0,1,0,0,0,1
0,1,0,0,0,0
0,1,0,0,0,0
0,1,0,0,0,1
0,1,0,0,0,0
0,1,0,0,0,1
0,1,0,0,0,1
0,1,0,0,0,0
0,1,0,0,0,0
0,1,0,0,0,1
0,1,0,0,0,1
0,1,0,0,0,0
0,1,0,0,0,1
0,1,0,0,0,0
0,1,0,0,0,0
0,1,0,0,0,1
0,1,0,0,0,1
0,1,0,0,0,0
0,1,0,0,0,0
0,1,0,0,0,1
0,1,0,0,0,1
0,1,0,0,0,0
0,1,0,0,0,1
0,1,0,0,0,1
0,1,0,0,0,0
0,1,0,0,0,1
0,1,0,0,0,1
0,1,0,0,0,0
0,1,0,0,0,1
0,1,0,0,0,0
0,1,0,0,0,0
0,1,0,0,0,0
0,1,0,0,0,0
0,1,0,0,0,1
0,1,0,0,0,1
0,1,0,0,0,0
0,1,0,0,0,0
0,1,0,0,0,1
0,1,0,0,0,0
0,1,0,0,0,1
0,1,0,0,0,1
0,1,0,0,0,0
0,1,0,0,0,0
0,1,0,0,0,1
0,1,0,0,0,0
0,1,0,0,0,1
0,1,0,0,0,1
0,1,0,0,0,0
0,1,0,0,0,0
0,1,0,0,0,1
0,1,0,0,0,1
0,1,0,0,0,0
0,1,0,0,0,0
0,1,0,0,0,1
0,1,0,0,0,0
0,1,0,0,0,1
0,1,0,0,0,0
0,1,0,0,0,1
0,1,0,0,0,0
0,1,0,0,0,0
0,1,0,0,0,1
0,1,0,0,0,1
0,1,0,0,0,1
0,1,0,0,0,0
0,1,0,0,0,1
0,1,0,0,0,1
0,1,0,0,0,0
0,1,0,1,0,1
0,1,0,0,0,0
0,1,0,0,0,0
0,1,0,0,0,0
0,1,0,0,0,0
0,1,0,0,0,0
0,1,0,1,0,1
0,1,0,0,0,0
0,1,0,1,0,1
0,1,0,0,0,0
0,1,0,1,0,1
0,1,0,0,0,0
0,1,0,1,0,1
0,1,0,0,0,0
0,1,0,0,0,0
0,1,0,0,0,0
0,1,0,1,0,1
0,1,0,0,0,0
0,1,0,1,0,1
0,1,0,0,0,0
0,1,0,1,0,1
0,1,0,0,0,0
0,1,0,0,0,0
0,1,0,0,0,0
0,1,0,1,0,1
0,1,0,1,0,1
0,1,0,0,0,0
0,1,0,1,0,1
0,1,0,0,0,0
0,1,0,1,0,1
0,1,0,1,0,1
0,1,0,0,0,0
0,1,0,0,0,0
0,1,0,1,0,1
0,1,0,0,0,0
0,1,0,1,0,1
0,1,0,0,0,0
0,1,0,0,0,0
0,1,0,1,0,1
0,1,0,1,0,1
0,1,0,1,0,1
0,1,0,0,0,0
0,1,0,0,0,0
0,1,0,1,0,1
0,1,0,0,0,0
0,1,0,1,0,1
0,1,0,0,0,0
0,1,0,1,0,1
0,1,0,0,0,0
0,1,0,1,0,1
0,1,0,0,0,0
0,1,0,1,0,1
0,1,0,0,0,0
0,1,0,0,0,0
0,1,0,0,0,0
0,1,0,1,0,1
0,1,0,0,0,0
0,1,0,1,0,1
0,1,0,0,0,0
0,1,0,0,0,0
0,1,0,1,0,1
0,1,0,1,0,1
0,1,0,0,0,0
0,1,0,1,0,1
0,1,0,0,0,0
0,1,0,1,0,1
0,1,0,1,0,1
0,1,0,0,0,0
0,1,0,0,0,0
0,1,0,1,0,1
0,1,0,1,0,1
0,1,0,0,0,0
0,1,0,1,0,1
0,1,0,0,0,0
0,1,0,1,0,1
0,1,0,0,0,0
0,1,0,1,0,1
0,1,0,0,0,0
0,1,0,0,0,0
0,1,0,1,0,1
0,1,0,1,0,1
0,1,0,0,0,0
0,1,0,0,0,0
0,1,0,1,0,1
0,1,0,1,0,1
0,1,0,1,0,1
0,1,0,0,0,0
0,1,0,1,0,1
0,1,0,0,0,0
0,1,0,1,0,1
0,1,0,0,0,0
0,1,0,1,0,1
0,1,0,0,0,0
0,1,0,1,0,1
0,1,0,1,0,1
0,1,0,0,0,0
0,1,0,1,0,1
0,1,0,1,0,1
0,1,0,0,0,0
0,1,0,1,0,1
0,1,0,0,0,0
0,1,0,1,0,1
0,1,0,1,0,1
0,1,0,0,0,0
0,1,0,1,0,1
0,1,0,1,0,1
0,1,0,0,0,0
0,1,0,1,0,1
0,1,0,1,0,1
0,1,0,1,0,1
0,1,0,1,0,1
0,1,0,0,0,0
0,1,0,0,0,0
0,1,0,1,0,1
0,1,0,1,0,1
0,1,0,0,0,0
0,1,0,0,0,0
0,1,0,0,0,0
0,1,0,1,0,1
0,1,0,1,0,1
0,1,0,0,0,0
0,1,0,1,0,1
0,1,0,0,0,0
0,1,0,0,0,0
0,1,0,1,0,1
0,1,0,0,0,0
0,1,0,1,0,1
0,1,0,0,0,0
0,1,0,0,0,0
0,1,0,1,0,1
0,1,0,0,0,0
0,1,0,0,0,0
0,1,0,1,0,1
0,1,0,0,0,0
0,1,0,0,0,0
0,1,0,1,0,1
0,1,0,0,0,0
0,1,0,1,0,1
0,1,0,0,0,0
0,1,0,1,0,1
0,1,0,1,0,1
0,1,0,0,0,0
0,1,0,1,0,1
0,1,0,0,0,0
0,1,0,0,0,0
0,1,0,1,0,1
0,1,0,1,0,1
0,1,0,0,0,0
0,1,0,1,0,1
